﻿ID,Name,Sex,Age,Sphere,Cylinder,Axis,AL,K1,K2,ACD,eye_OS,CR,AL/CR,ACD/AL,AL×ACD,AL×CR,AL×age,SER
MZ000444,p6,1,9,2.25,-1.25,164,22.80569507,41.40645249,42.96522148,3.120081719,1,8.003047022,2.849626524,0.136811516,0.535018159,-0.197328039,-0.050043697,1.625
MZ000672,p7,1,12,-5,-2.75,180,27.58025542,40.14079393,42.60022101,3.979998703,0,8.165199779,3.377780847,0.144306086,1.23405385,1.351846602,11.49775264,-6.125
MZ000682,p8,0,11,-7.75,-4.75,177,25.74438441,42.50582422,46.95750718,3.631399135,1,7.563718761,3.403667591,0.141055971,-0.041124704,-0.469794563,3.964572669,-8.75
MZ000947,p9,0,11,0.75,-3.5,173,24.04820207,40.97590844,44.78641217,3.627637817,0,7.886157422,3.049419481,0.150848608,-0.005953984,0.018924738,0.487711539,-0.875