﻿ID,Name,Sex,Age,Sphere,Cylinder,Axis,AL,K1,K2,ACD,eye_OS,CR,AL/CR,ACD/AL,AL×ACD,AL×CR,AL×age,SER
MZ****25,p1,0,11,-2.75,-2,2,23.76020262,44.72173145,47.33520337,3.57,1,7.338333333,3.237820026,0.150251244,0.011660764,0.108987356,-0.4117944,-3.75
MZ****22,p2,0,12,-0.25,-2.5,167,22.22609619,43.92624729,47.18080149,2.838,1,7.418333333,2.996103733,0.12768774,1.393734809,0.608611607,-4.635926822,-0.125
MZ****98,p3,1,9,-1.75,-3,172,24.49421598,42.99363057,46.31747484,3.728,0,7.568333333,3.236408189,0.152199197,0.053636057,-0.089705759,-0.197192587,-3.125
MZ****97,p4,0,11,-7,-0.75,6,26.35345542,41.32653061,43.01189465,3.592,1,8.006666667,3.291439061,0.136300912,-0.053326494,0.581218879,3.695975176,-6.875
MZ****15,p5,0,11,-0.75,-0.25,2,23.53690667,43.04846939,44.84056687,3.442,1,7.683333333,3.0633718,0.146238418,0.083534368,0.035874775,-0.765500117,-1
