ď»żID,Name,Sex,Age,Sphere,Cylinder,Axis,AL,K1,K2,ACD,eye_OS,CR,AL/CR,ACD/AL,ALĂ—ACD,ALĂ—CR,ALĂ—age,SER
NB****001,p10,0,8,0.75,-1.25,174,22.65,43.44,45.28,3.34,0,7.611479462,2.975768392,0.147461369,0.310646215,0.192539975,1.237948752,0.5
NB****002,p11,0,9,-0.25,-0.25,139,22.81,43.02,44.06,3.49,0,7.752598682,2.942239233,0.153003069,0.13395204,0.042105992,0.191974174,0.375
NB****001,p12,1,11,-0.75,-0.25,171,24.42,42.09,42.72,3.96,0,7.959406308,3.068068026,0.162162162,0.237460078,0.119545167,1.348618065,-0.625
NB****002,p13,1,7,0.5,-0.25,93,23.11,41.06,41.4,3.47,0,8.185926216,2.823138077,0.15015145,0.097662074,-0.211014847,1.223867277,1.125
